timestamp,temperature,humidity,pressure
2025-05-11 13:36:42,39.89,31.72,1017.45
2025-05-11 13:36:47,39.94,31.56,1017.44
2025-05-11 13:36:52,39.89,31.46,1017.47
2025-05-11 13:36:57,39.92,31.73,1017.48
2025-05-11 13:37:02,39.98,31.86,1017.46
2025-05-11 13:37:07,39.9,31.68,1017.45
2025-05-11 13:37:12,40.01,31.69,1017.44
2025-05-11 13:37:17,39.96,31.48,1017.43
2025-05-11 13:37:22,40.01,31.64,1017.44
2025-05-11 13:37:27,40.01,31.66,1017.36
2025-05-11 13:37:32,40.15,31.48,1017.37
2025-05-11 13:37:37,39.98,31.52,1017.38
2025-05-11 13:37:42,40.06,31.52,1017.42
2025-05-11 13:37:47,40.05,31.41,1017.41
2025-05-11 13:37:52,40.05,31.29,1017.42
2025-05-11 13:37:57,40.06,31.42,1017.47
2025-05-11 13:38:02,40.08,30.88,1017.44
2025-05-11 13:38:08,40.12,31.49,1017.43
2025-05-11 13:38:13,40.12,31.64,1017.4
2025-05-11 13:38:18,40.12,31.32,1017.41
2025-05-11 13:38:23,40.15,31.38,1017.38
2025-05-11 13:38:28,40.22,32.36,1017.41
2025-05-11 13:38:33,40.19,31.44,1017.41
2025-05-11 13:38:38,40.15,31.63,1017.43
2025-05-11 13:38:43,40.06,31.6,1017.41
2025-05-11 13:38:48,40.01,31.07,1017.39
2025-05-11 13:38:53,40.21,31.53,1017.4
2025-05-11 13:38:58,40.21,31.41,1017.41
2025-05-11 13:39:03,40.15,31.48,1017.42
2025-05-11 13:39:08,40.26,31.52,1017.42
2025-05-11 13:39:13,40.12,31.49,1017.46
2025-05-11 13:39:18,40.24,31.42,1017.43
2025-05-11 13:39:23,40.17,31.46,1017.43
2025-05-11 13:39:28,40.13,31.28,1017.44
2025-05-11 13:39:33,40.17,31.32,1017.41
2025-05-11 13:39:38,40.15,31.18,1017.4
2025-05-11 13:39:43,40.17,31.45,1017.43
2025-05-11 13:39:48,40.19,31.6,1017.43
2025-05-11 13:39:53,40.12,31.38,1017.42
2025-05-11 13:39:58,40.13,30.45,1017.46
2025-05-11 13:40:03,40.12,32.14,1017.4
2025-05-11 13:40:08,40.12,31.51,1017.43
2025-05-11 13:40:13,40.13,31.85,1017.44
2025-05-11 13:40:18,40.06,31.36,1017.42
2025-05-11 13:40:23,40.15,31.35,1017.41
2025-05-11 13:40:28,40.13,31.3,1017.38
2025-05-11 13:40:33,40.22,31.42,1017.39
2025-05-11 13:40:38,39.99,31.07,1017.4
2025-05-11 13:40:43,40.19,30.84,1017.4
2025-05-11 13:40:48,40.05,31.58,1017.4
2025-05-11 13:40:53,40.08,31.47,1017.36
2025-05-11 13:40:58,40.13,31.86,1017.39
2025-05-11 13:41:03,40.06,31.26,1017.38
2025-05-11 13:41:08,40.06,31.25,1017.37
2025-05-11 13:41:13,40.05,31.46,1017.36
2025-05-11 13:41:18,40.08,31.46,1017.4
2025-05-11 13:41:23,40.06,31.58,1017.37
2025-05-11 13:41:28,40.08,31.35,1017.41
2025-05-11 13:41:33,40.08,31.39,1017.39
2025-05-11 13:41:38,40.08,31.8,1017.38
2025-05-11 13:41:43,40.08,31.51,1017.39
2025-05-11 13:41:48,40.08,31.48,1017.4
2025-05-11 13:41:53,40.03,31.48,1017.42
2025-05-11 13:41:58,40.06,31.39,1017.45
2025-05-11 13:42:03,40.05,31.2,1017.48
2025-05-11 13:42:08,40.22,31.31,1017.42
2025-05-11 13:42:13,40.17,31.43,1017.43
2025-05-11 13:42:18,40.08,31.2,1017.41
2025-05-11 13:42:23,40.05,32.03,1017.43
2025-05-11 13:42:28,40.08,31.57,1017.44
2025-05-11 13:42:33,40.1,31.23,1017.42
2025-05-11 13:42:38,40.1,31.5,1017.41
2025-05-11 13:42:43,40.08,31.31,1017.45
2025-05-11 13:42:48,40.03,31.65,1017.41
2025-05-11 13:42:53,40.13,32.53,1017.43
2025-05-11 13:42:58,39.96,32.2,1017.43
2025-05-11 13:43:03,40.13,31.3,1017.42
2025-05-11 13:43:08,40.15,31.61,1017.42
2025-05-11 13:43:13,40.1,31.27,1017.44
2025-05-11 13:43:18,40.05,31.46,1017.43
2025-05-11 13:43:23,40.1,31.44,1017.43
2025-05-11 13:43:28,40.12,31.03,1017.44
2025-05-11 13:43:33,40.19,31.2,1017.44
2025-05-11 13:43:38,40.17,31.87,1017.45
2025-05-11 13:43:43,40.22,31.3,1017.48
2025-05-11 13:43:48,40.08,31.57,1017.43
2025-05-11 13:43:53,40.13,31.25,1017.42
2025-05-11 13:43:58,40.13,31.3,1017.43
2025-05-11 13:44:03,40.19,30.61,1017.43
2025-05-11 13:44:08,40.17,31.3,1017.44
2025-05-11 13:44:13,40.22,31.29,1017.41
2025-05-11 13:44:18,40.15,30.97,1017.45
2025-05-11 13:44:23,40.26,30.42,1017.46
2025-05-11 13:44:28,40.1,31.26,1017.45
2025-05-11 13:44:33,40.08,31.18,1017.46
2025-05-11 13:44:38,40.24,31.52,1017.49
2025-05-11 13:44:43,40.15,31.25,1017.46
2025-05-11 13:44:48,40.1,31.44,1017.46
2025-05-11 13:44:53,40.19,31.47,1017.45
2025-05-11 13:44:58,40.05,30.41,1017.45
2025-05-11 13:45:03,40.22,31.29,1017.45
2025-05-11 13:45:08,40.1,32.26,1017.46
2025-05-11 13:45:13,40.12,31.33,1017.46
2025-05-11 13:45:18,40.13,31.35,1017.48
2025-05-11 13:45:23,40.1,31.27,1017.47
2025-05-11 13:45:28,40.15,31.45,1017.47
2025-05-11 13:45:33,40.13,31.15,1017.44
2025-05-11 13:45:38,40.08,31.29,1017.46
2025-05-11 13:45:43,40.21,31.63,1017.47
2025-05-11 13:45:48,40.17,31.36,1017.46
2025-05-11 13:45:53,40.17,31.5,1017.46
2025-05-11 13:45:58,40.17,31.49,1017.44
2025-05-11 13:46:03,40.15,31.32,1017.44
2025-05-11 13:46:08,40.19,31.53,1017.46
2025-05-11 13:46:13,40.13,31.25,1017.45
2025-05-11 13:46:18,40.24,31.41,1017.43
2025-05-11 13:46:23,40.15,31.42,1017.42
2025-05-11 13:46:28,40.15,31.24,1017.43
2025-05-11 13:46:33,40.21,31.53,1017.44
2025-05-11 13:46:38,40.15,31.11,1017.47
2025-05-11 13:46:43,40.15,31.7,1017.45
2025-05-11 13:46:48,40.28,31.29,1017.43
2025-05-11 13:46:53,40.21,31.28,1017.44
2025-05-11 13:46:58,40.26,31.63,1017.46
2025-05-11 13:47:03,40.22,31.13,1017.43
2025-05-11 13:47:08,40.22,31.2,1017.45
2025-05-11 13:47:13,40.17,31.07,1017.46
2025-05-11 13:47:18,40.28,31.15,1017.51
2025-05-11 13:47:23,40.17,30.87,1017.51
2025-05-11 13:47:28,40.28,30.83,1017.48
2025-05-11 13:47:33,40.28,31.14,1017.45
2025-05-11 13:47:38,40.21,31.56,1017.45
2025-05-11 13:47:43,40.21,31.27,1017.47
2025-05-11 13:47:48,40.24,31.48,1017.46
2025-05-11 13:47:53,40.26,31.48,1017.48
2025-05-11 13:47:58,40.17,30.92,1017.46
2025-05-11 13:48:03,40.22,31.33,1017.5
2025-05-11 13:48:08,40.28,31.4,1017.48
2025-05-11 13:48:13,40.22,31.14,1017.46
2025-05-11 13:48:18,40.28,31.57,1017.49
2025-05-11 13:48:23,40.29,31.39,1017.44
2025-05-11 13:48:28,40.29,31.25,1017.47
2025-05-11 13:48:33,40.24,31.15,1017.46
2025-05-11 13:48:38,40.17,31.04,1017.45
2025-05-11 13:48:43,40.22,31.37,1017.46
2025-05-11 13:50:14,40.29,31.18,1017.46
2025-05-11 13:50:19,40.22,30.92,1017.45
2025-05-11 13:50:24,40.26,31.18,1017.47
2025-05-11 13:50:29,40.26,31.45,1017.44
2025-05-11 13:50:34,40.21,31.36,1017.47
2025-05-11 13:50:39,40.26,31.63,1017.47
2025-05-11 13:50:44,40.31,31.4,1017.45
2025-05-11 13:50:49,40.19,31.27,1017.47
2025-05-11 13:50:54,40.17,31.27,1017.45
2025-05-11 13:50:59,40.28,31.31,1017.47
2025-05-11 13:51:04,40.22,31.23,1017.47
2025-05-11 13:51:09,40.21,31.0,1017.49
2025-05-11 13:51:14,40.24,31.21,1017.47
2025-05-11 13:51:19,40.24,30.95,1017.48
2025-05-11 13:51:24,40.24,31.57,1017.45
2025-05-11 13:51:29,40.28,31.23,1017.48
2025-05-11 13:51:34,40.26,32.11,1017.48
2025-05-11 13:51:39,40.21,30.76,1017.48
2025-05-11 13:51:44,40.17,31.27,1017.46
2025-05-11 13:51:49,40.29,31.16,1017.48
2025-05-11 13:51:54,40.22,31.12,1017.44
2025-05-11 13:51:59,40.19,31.25,1017.43
2025-05-11 13:52:04,40.15,31.35,1017.45
2025-05-11 13:52:09,40.29,31.36,1017.45
2025-05-11 13:52:14,40.21,31.48,1017.46
2025-05-11 13:52:19,40.17,32.49,1017.46
2025-05-11 13:52:24,40.22,31.3,1017.45
2025-05-11 13:52:29,40.22,31.3,1017.45
2025-05-11 13:52:34,40.29,31.37,1017.45
2025-05-11 13:52:39,40.24,31.16,1017.47
2025-05-11 13:52:44,40.12,31.39,1017.44
2025-05-11 13:52:49,40.21,30.95,1017.43
2025-05-11 13:52:54,40.13,31.23,1017.45
2025-05-11 13:52:59,40.21,31.0,1017.46
2025-05-11 13:53:04,40.12,31.06,1017.45
2025-05-11 13:53:09,40.12,30.94,1017.47
2025-05-11 13:53:14,40.24,31.17,1017.44
2025-05-11 13:53:19,40.22,32.19,1017.48
2025-05-11 13:53:24,40.17,31.3,1017.45
2025-05-11 13:53:29,40.19,31.2,1017.43
2025-05-11 13:53:34,40.17,31.2,1017.42
2025-05-11 13:53:39,40.22,31.11,1017.43
2025-05-11 13:53:44,40.29,31.42,1017.46
2025-05-11 13:53:49,40.12,31.26,1017.44
2025-05-11 13:53:54,40.24,32.76,1017.45
2025-05-11 13:53:59,40.22,30.6,1017.48
2025-05-11 13:54:04,40.1,32.38,1017.43
2025-05-11 13:54:09,40.22,31.1,1017.41
2025-05-11 13:54:14,40.29,31.49,1017.47
2025-05-11 13:54:19,40.13,31.29,1017.45
2025-05-11 13:54:24,40.24,31.38,1017.44
2025-05-11 13:54:29,40.17,31.37,1017.44
2025-05-11 13:54:34,40.17,31.27,1017.45
2025-05-11 13:54:39,40.28,32.15,1017.42
2025-05-11 13:54:44,40.26,30.83,1017.41
2025-05-11 13:54:49,40.19,31.3,1017.42
2025-05-11 13:54:54,40.15,31.28,1017.42
2025-05-11 13:54:59,40.19,31.18,1017.42
2025-05-11 13:55:04,40.19,31.22,1017.43
2025-05-11 13:55:09,40.15,31.27,1017.41
2025-05-11 13:55:14,40.12,31.06,1017.4
2025-05-11 13:55:19,40.15,30.89,1017.39
2025-05-11 13:55:24,40.17,31.2,1017.44
2025-05-11 13:55:29,40.17,31.38,1017.45
2025-05-11 13:55:34,40.21,31.98,1017.43
2025-05-11 13:55:39,40.22,32.65,1017.4
2025-05-11 13:55:44,40.24,31.11,1017.43
2025-05-11 13:55:49,40.26,31.14,1017.44
2025-05-11 13:55:54,40.33,32.49,1017.33
2025-05-11 13:55:59,40.24,30.84,1017.05
2025-05-11 13:56:04,40.29,31.04,1017.2
2025-05-11 13:56:09,40.19,30.65,1017.14
2025-05-11 13:56:14,40.26,30.4,1017.09
2025-05-11 13:56:19,40.26,30.77,1017.12
2025-05-11 13:56:24,40.19,30.64,1017.03
2025-05-11 13:56:29,40.22,29.41,1017.01
2025-05-11 13:56:34,40.01,30.25,1017.07
2025-05-11 13:56:39,40.15,30.3,1017.04
2025-05-11 13:56:44,40.17,30.43,1017.04
2025-05-11 13:56:49,40.13,29.9,1017.07
2025-05-11 13:56:54,40.13,30.02,1017.1
2025-05-11 13:56:59,40.15,30.24,1017.05
2025-05-11 13:57:04,40.22,30.08,1017.01
2025-05-11 13:57:09,40.24,30.14,1017.1
2025-05-11 13:57:14,40.21,30.13,1017.17
2025-05-11 13:57:19,40.29,30.2,1017.08
2025-05-11 13:57:24,40.19,30.18,1017.04
2025-05-11 13:57:29,40.19,29.71,1017.09
2025-05-11 13:57:34,40.12,30.46,1017.1
2025-05-11 13:57:39,40.13,30.07,1017.08
2025-05-11 13:57:44,40.13,30.05,1017.13
2025-05-11 13:57:49,40.03,29.86,1017.14
2025-05-11 13:57:54,39.96,30.2,1017.15
2025-05-11 13:57:59,40.01,29.92,1017.15
2025-05-11 13:58:04,40.17,29.98,1017.12
2025-05-11 13:58:09,39.89,29.71,1017.15
2025-05-11 13:58:14,39.92,29.87,1017.1
2025-05-11 13:58:19,39.92,29.93,1017.09
2025-05-11 13:58:24,39.89,29.75,1017.12
2025-05-11 13:58:29,39.85,30.33,1017.14
2025-05-11 13:58:34,39.89,30.03,1017.11
2025-05-11 13:58:39,39.74,29.89,1017.1
2025-05-11 13:58:44,39.76,30.03,1017.11
2025-05-11 13:58:49,39.82,28.56,1017.12
2025-05-11 13:58:54,39.83,29.89,1017.16
2025-05-11 13:58:59,39.87,29.66,1017.19
2025-05-11 13:59:04,39.9,29.51,1017.16
2025-05-11 13:59:09,39.8,29.64,1017.16
2025-05-11 13:59:14,39.76,29.53,1017.19
2025-05-11 13:59:19,39.64,29.51,1017.21
2025-05-11 13:59:24,39.74,29.7,1017.2
2025-05-11 13:59:29,39.71,29.78,1017.18
2025-05-11 13:59:34,39.66,29.6,1017.17
2025-05-11 13:59:39,39.66,29.57,1017.19
2025-05-11 13:59:44,39.69,30.42,1017.21
2025-05-11 13:59:49,39.69,29.56,1017.24
2025-05-11 13:59:54,39.71,30.1,1017.37
2025-05-11 13:59:59,39.62,29.84,1017.33
2025-05-11 14:00:04,39.69,29.97,1017.33
2025-05-11 14:00:09,39.64,30.11,1017.35
2025-05-11 14:00:14,39.48,29.93,1017.37
2025-05-11 14:00:19,39.55,29.54,1017.32
2025-05-11 14:00:24,39.57,28.98,1017.33
2025-05-11 14:00:29,39.51,30.11,1017.3
2025-05-11 14:00:34,39.46,30.02,1017.3
2025-05-11 14:00:39,39.66,30.14,1017.26
2025-05-11 14:00:45,39.6,30.12,1017.3
2025-05-11 14:00:50,39.5,29.81,1017.28
2025-05-11 14:00:55,39.69,29.96,1017.31
2025-05-11 14:01:00,39.53,30.14,1017.27
2025-05-11 14:01:05,39.53,30.2,1017.34
2025-05-11 14:01:10,39.5,29.18,1017.3
2025-05-11 14:01:15,39.43,31.16,1017.28
2025-05-11 14:01:20,39.55,30.14,1017.34
2025-05-11 14:01:25,39.46,30.03,1017.39
2025-05-11 14:01:30,39.5,29.75,1017.32
2025-05-11 14:01:35,39.5,31.32,1017.35
2025-05-11 14:01:40,39.62,28.76,1017.34
2025-05-11 14:01:45,39.48,30.2,1017.32
2025-05-11 14:01:50,39.34,29.93,1017.38
2025-05-11 14:01:55,39.59,29.63,1017.32
2025-05-11 14:02:00,39.55,29.58,1017.28
2025-05-11 14:02:05,39.51,30.16,1017.28
2025-05-11 14:02:10,39.41,30.1,1017.29
2025-05-11 14:02:15,39.53,30.03,1017.31
2025-05-11 14:02:20,39.5,30.28,1017.29
2025-05-11 14:02:25,39.59,30.09,1017.27
2025-05-11 14:02:30,39.46,29.86,1017.29
2025-05-11 14:02:35,39.51,30.08,1017.32
2025-05-11 14:02:40,39.5,30.18,1017.27
2025-05-11 14:02:45,39.59,29.78,1017.29
2025-05-11 14:02:50,39.55,30.16,1017.27
2025-05-11 14:02:55,39.55,30.39,1017.25
2025-05-11 14:03:00,39.46,29.6,1017.31
2025-05-11 14:03:05,39.5,28.36,1017.24
2025-05-11 14:03:10,39.37,29.93,1017.28
2025-05-11 14:03:15,39.51,29.79,1017.22
2025-05-11 14:03:20,39.53,29.84,1017.25
2025-05-11 14:03:25,39.43,28.84,1017.25
2025-05-11 14:03:30,39.44,29.39,1017.24
2025-05-11 14:03:35,39.48,29.14,1017.21
2025-05-11 14:03:40,39.48,29.87,1017.23
2025-05-11 14:03:45,39.5,29.77,1017.23
2025-05-11 14:03:50,39.55,29.57,1017.21
2025-05-25 13:51:05,31.43,50.83,998.88
2025-05-25 13:51:10,31.54,51.53,998.86
2025-05-25 13:51:15,31.66,50.36,998.83
2025-05-25 13:51:20,31.58,50.73,998.85
2025-05-25 13:51:25,31.7,49.88,998.85
2025-05-25 13:51:30,31.74,49.83,998.83
2025-05-25 13:51:35,31.88,49.4,998.81
2025-05-25 13:51:40,31.91,49.32,998.83
2025-05-25 13:51:45,32.04,49.18,998.82
2025-05-25 13:51:50,32.0,48.91,998.84
2025-05-25 13:51:55,32.18,49.27,998.84
2025-05-25 13:52:00,32.18,48.69,998.84
2025-05-25 13:52:05,32.36,48.51,998.85
2025-05-25 13:52:10,32.36,48.43,998.87
2025-05-25 13:52:15,32.44,48.34,998.83
2025-05-25 13:52:20,32.48,48.13,998.85
2025-05-25 13:52:25,32.55,48.16,998.83
2025-05-25 13:52:30,32.67,47.94,998.84
2025-05-25 13:52:35,32.69,48.97,998.85
2025-05-25 13:52:40,32.71,47.48,998.85
2025-05-25 13:52:45,32.78,47.5,998.85
2025-05-25 13:52:50,32.89,47.88,998.83
2025-05-25 13:52:55,32.92,47.16,998.86
2025-05-25 13:53:00,32.94,46.88,998.8
2025-05-25 13:53:05,33.12,47.04,998.81
2025-05-25 13:53:10,33.01,46.89,998.82
2025-05-25 13:53:15,33.06,46.81,998.83
2025-05-25 13:53:20,33.3,46.59,998.83
2025-05-25 13:53:25,33.3,46.64,998.83
2025-05-25 13:53:30,33.37,46.79,998.83
2025-05-25 13:53:35,33.35,46.68,998.85
2025-05-25 13:53:40,33.49,46.25,998.83
2025-05-25 13:53:45,33.45,46.24,998.85
2025-05-25 13:53:50,33.6,46.21,998.84
2025-05-25 13:53:55,33.54,45.73,998.81
2025-05-25 13:54:00,33.74,45.3,998.82
2025-05-25 13:54:05,33.72,47.12,998.8
2025-05-25 13:54:10,33.79,45.07,998.81
2025-05-25 13:54:15,33.86,45.55,998.8
2025-05-25 13:54:20,33.72,45.72,998.82
2025-05-25 13:54:25,33.86,46.59,998.81
2025-05-25 13:54:30,33.86,45.36,998.84
2025-05-25 13:54:35,33.86,45.27,998.83
2025-05-25 13:54:40,34.06,45.77,998.85
2025-05-25 13:54:45,34.09,44.95,998.85
2025-05-25 13:54:50,34.13,44.83,998.84
2025-05-25 13:54:55,34.2,45.14,998.85
2025-05-25 13:55:00,34.2,44.66,998.87
2025-05-25 13:55:05,34.18,44.56,998.85
2025-05-25 13:55:10,34.27,44.49,998.86
2025-05-25 13:55:15,34.27,44.42,998.9
2025-05-25 13:55:20,34.36,44.02,998.85
2025-05-25 13:55:25,34.5,43.9,998.88
2025-05-25 13:55:30,34.48,43.99,998.87
2025-05-25 13:55:35,34.5,44.11,998.89
2025-05-25 13:55:40,34.48,43.94,998.87
2025-05-25 13:55:45,34.68,44.17,998.87
2025-05-25 13:55:50,34.57,44.14,998.88
2025-05-25 13:55:56,34.73,44.17,998.89
2025-05-25 13:56:01,34.8,43.78,998.88
2025-05-25 13:56:06,34.85,44.27,998.87
2025-05-25 13:56:11,34.8,43.51,998.89
2025-05-25 13:56:16,34.85,43.54,998.87
2025-05-25 13:56:21,34.8,43.82,998.85
2025-05-25 13:56:26,34.85,43.27,998.86
2025-05-25 13:56:31,34.94,43.47,998.84
2025-05-25 13:56:36,34.98,43.41,998.86
2025-05-25 13:56:41,35.1,42.74,998.85
2025-05-25 13:56:46,35.1,43.17,998.86
2025-05-25 13:56:51,35.08,43.15,998.85
2025-05-25 13:56:56,35.16,43.26,998.86
2025-05-25 13:57:01,35.12,43.84,998.86
2025-05-25 13:57:06,35.24,43.2,998.85
2025-05-25 13:57:11,35.26,42.8,998.86
2025-05-25 13:57:16,35.26,42.7,998.84
2025-05-25 13:57:21,35.33,42.86,998.85
2025-05-25 13:57:26,35.33,42.37,998.85
2025-05-25 13:57:31,35.4,42.54,998.85
2025-05-25 13:57:36,35.49,43.16,998.85
2025-05-25 13:57:41,35.56,41.22,998.84
2025-05-25 13:57:46,35.53,42.82,998.84
2025-05-25 13:57:51,35.47,42.55,998.87
2025-05-25 13:57:56,35.53,42.32,998.87
2025-05-25 13:58:01,35.58,42.48,998.87
2025-05-25 13:58:06,35.69,42.19,998.86
2025-05-25 13:58:11,35.67,42.4,998.88
2025-05-25 13:58:16,35.63,41.43,998.88
2025-05-25 13:58:21,35.69,42.21,998.89
2025-05-25 13:58:26,35.7,42.2,998.87
2025-05-25 13:58:31,35.76,42.44,998.89
2025-05-25 13:58:36,35.86,43.53,998.89
2025-05-25 13:58:41,35.9,43.82,998.91
2025-05-25 13:58:46,36.08,44.75,998.88
2025-05-25 13:58:51,36.18,43.22,998.9
2025-05-25 13:58:56,36.18,42.44,998.91
2025-05-25 13:59:01,36.22,42.88,998.88
2025-05-25 13:59:06,36.2,43.05,998.89
2025-05-25 13:59:11,36.27,70.02,998.91
2025-05-25 13:59:16,36.31,79.78,998.92
2025-05-25 13:59:21,36.52,82.71,998.95
2025-05-25 13:59:26,36.5,76.65,999.01
2025-05-25 13:59:31,36.63,77.01,999.01
2025-05-25 13:59:36,36.56,57.69,998.95
2025-05-25 13:59:41,36.38,53.25,998.92
2025-05-25 13:59:46,36.45,50.87,998.94
2025-05-25 13:59:51,36.47,48.42,998.93
2025-05-25 13:59:56,36.52,47.25,998.93
2025-05-25 14:00:01,36.34,46.75,998.92
2025-05-25 14:00:06,36.34,45.04,998.91
2025-05-25 14:00:11,36.48,44.8,998.94
2025-05-25 14:00:16,36.45,43.93,998.92
2025-05-25 14:00:21,36.36,43.33,998.96
2025-05-25 14:00:26,36.45,42.94,998.97
2025-05-25 14:00:31,36.54,42.82,998.99
2025-05-25 14:00:36,36.5,42.32,998.91
2025-05-25 14:00:41,36.52,42.7,998.9
2025-05-25 14:00:46,36.59,42.26,998.91
2025-05-25 14:00:51,36.59,40.99,998.94
2025-05-25 14:00:56,36.52,42.12,998.91
2025-05-25 14:01:01,36.61,41.71,998.85
2025-05-25 14:01:06,36.56,41.46,998.9
2025-05-25 14:01:11,36.63,41.19,998.92
2025-05-25 14:01:16,36.77,41.48,998.92
2025-05-25 14:01:21,36.77,41.49,998.94
2025-05-25 14:01:26,36.71,41.55,998.91
2025-05-25 14:01:31,36.68,41.28,998.91
2025-05-25 14:01:36,36.84,41.39,998.94
2025-05-25 14:01:41,36.82,41.21,998.91
2025-05-25 14:01:46,36.87,41.31,998.92
2025-05-25 14:01:51,36.8,40.76,998.9
2025-05-25 14:01:56,36.77,41.05,998.91
2025-05-25 14:02:01,36.84,41.08,998.9
2025-05-25 14:02:06,36.86,41.1,998.94
2025-05-25 14:02:11,36.93,40.4,998.93
2025-05-25 14:02:16,37.0,40.96,998.93
2025-05-25 14:02:21,36.93,40.08,998.92
2025-05-25 14:02:26,36.98,40.8,998.91
2025-05-25 14:02:31,37.07,40.81,998.94
2025-05-25 14:02:36,37.02,40.83,998.93
2025-05-25 14:02:41,37.12,41.07,998.92
2025-05-25 14:02:46,37.02,40.47,998.94
2025-05-25 14:02:51,37.0,40.32,998.92
2025-05-25 14:02:56,37.12,40.64,998.92
2025-05-25 14:03:01,37.1,40.7,998.9
2025-05-25 14:03:06,37.23,40.57,998.92
2025-05-25 14:03:11,37.19,40.21,998.91
2025-05-25 14:03:16,37.26,41.1,998.91
2025-05-25 14:03:21,37.12,40.3,998.93
2025-05-25 14:03:26,37.18,40.35,998.97
2025-05-25 14:03:31,37.16,40.23,998.96
2025-05-25 14:03:36,37.12,40.45,998.91
2025-05-25 14:03:41,37.16,40.35,998.95
2025-05-25 14:03:46,37.19,40.34,998.95
2025-05-25 14:03:51,37.21,39.83,998.92
2025-05-25 14:03:56,37.16,40.26,998.93
2025-05-25 14:04:01,37.25,40.01,998.92
2025-05-25 14:04:06,37.26,39.92,998.91
2025-05-25 14:04:11,37.23,40.5,998.93
2025-05-25 14:04:16,37.34,39.95,998.93
2025-05-25 14:04:21,37.35,39.12,998.9
2025-05-25 14:04:26,37.23,39.83,998.88
2025-05-25 14:04:31,37.12,39.93,998.93
2025-05-25 14:04:36,37.28,39.94,998.91
2025-05-25 14:04:41,37.26,40.03,998.93
2025-05-25 14:04:46,37.3,39.82,998.93
2025-05-25 14:04:51,37.34,40.11,998.94
2025-05-25 14:04:56,37.28,39.78,998.91
2025-05-25 14:05:01,37.34,39.59,998.93
2025-05-25 14:05:06,37.28,39.69,998.93
2025-05-25 14:05:11,37.46,39.64,998.92
2025-05-25 14:05:16,37.3,39.56,998.92
2025-05-25 14:05:21,37.42,39.57,998.89
2025-05-25 14:05:26,37.51,39.97,998.9
2025-05-25 14:05:31,37.39,39.91,998.92
2025-05-25 14:05:36,37.46,39.56,998.89
2025-05-25 14:05:41,37.48,39.43,998.88
2025-05-25 14:05:46,37.49,38.55,998.88
2025-05-25 14:05:51,37.41,39.53,998.91
2025-05-25 14:05:56,37.42,39.34,998.9
2025-05-25 14:06:01,37.69,39.25,998.92
2025-05-25 14:06:06,37.6,39.04,998.9
2025-05-25 14:06:11,37.67,39.28,998.9
2025-05-25 14:06:16,37.49,39.4,998.91
2025-05-25 14:06:21,37.53,38.93,998.92
2025-05-25 14:06:26,37.64,39.18,998.95
2025-05-25 14:06:31,37.58,39.09,998.9
2025-05-25 14:06:36,37.51,39.1,998.91
2025-05-25 14:06:41,37.65,38.99,998.88
2025-05-25 14:06:46,37.46,39.1,998.9
2025-05-25 14:06:51,37.6,39.1,998.94
2025-05-25 14:06:56,37.65,39.01,998.93
2025-05-25 14:07:01,37.74,39.03,998.92
2025-05-25 14:07:06,37.69,38.57,998.91
2025-05-25 14:07:11,37.65,38.71,998.94
2025-05-25 14:07:16,37.78,38.98,998.94
2025-05-25 14:07:22,37.71,38.97,998.93
2025-05-25 14:07:27,37.8,39.14,998.95
2025-05-25 14:07:32,37.85,38.78,998.94
2025-05-25 14:07:37,37.74,38.87,998.94
2025-05-25 14:07:42,37.87,38.61,998.93
2025-05-25 14:07:47,37.8,38.77,998.95
2025-05-25 14:07:52,37.96,37.57,998.95
2025-05-25 14:07:57,37.85,38.85,998.92
2025-05-25 14:08:02,37.67,38.6,998.93
2025-05-25 14:08:07,37.81,38.46,998.94
2025-05-25 14:08:12,37.83,38.55,998.94
2025-05-25 14:08:17,37.94,38.39,998.94
2025-05-25 14:08:22,38.01,38.48,998.97
2025-05-25 14:08:27,37.92,38.45,998.98
2025-05-25 14:08:32,37.87,38.54,998.97
2025-05-25 14:08:37,37.97,39.8,998.96
2025-05-25 14:08:42,38.01,38.61,998.98
2025-05-25 14:08:47,37.96,38.46,998.96
2025-05-25 14:08:52,37.87,38.4,999.0
2025-05-25 14:08:57,37.96,38.08,999.0
2025-05-25 14:09:02,37.97,38.13,998.98
2025-05-25 14:09:07,37.94,38.27,998.97
2025-05-25 14:09:12,37.94,38.11,998.95
2025-05-25 14:09:17,37.96,38.18,998.98
2025-05-25 14:09:22,37.96,38.36,999.02
2025-05-25 14:09:27,37.85,38.18,998.96
2025-05-25 14:09:32,37.94,38.28,998.99
2025-05-25 14:09:37,38.03,38.47,998.97
2025-05-25 14:09:42,37.96,41.58,998.97
2025-05-25 14:09:47,37.97,38.35,998.97
2025-05-25 14:09:52,38.03,38.13,998.99
2025-05-25 14:09:57,38.01,37.95,998.95
2025-05-25 14:10:02,37.96,37.69,998.94
2025-05-25 14:10:07,37.96,38.31,998.99
2025-05-25 14:10:12,37.9,38.59,998.95
2025-05-25 14:10:17,37.96,38.29,998.99
2025-05-25 14:10:22,38.13,38.04,998.99
2025-05-25 14:10:27,38.15,38.62,998.96
2025-05-25 14:10:32,38.1,37.99,998.99
2025-05-25 14:10:37,38.13,37.05,999.0
2025-05-25 14:10:42,38.03,38.02,999.0
2025-05-25 14:10:47,38.06,37.78,998.96
2025-05-25 14:10:52,38.06,38.13,998.99
2025-05-25 14:10:57,38.24,37.76,998.98
2025-05-25 14:11:02,38.2,37.99,998.97
2025-05-25 14:11:07,38.11,37.94,998.96
2025-05-25 14:11:12,38.17,37.87,998.95
2025-05-25 14:11:17,38.06,38.56,998.95
2025-05-25 14:11:22,38.1,37.89,998.95
2025-05-25 14:11:27,38.03,37.77,998.94
2025-05-25 14:11:32,38.15,38.07,998.94
2025-05-25 14:11:37,38.26,38.02,998.99
2025-05-25 14:11:42,38.2,38.48,999.01
2025-05-25 14:11:47,38.15,38.28,999.09
2025-05-25 14:11:52,38.22,37.94,999.01
2025-05-25 14:11:57,38.17,37.53,999.02
2025-05-25 14:12:02,38.27,37.83,999.04
2025-05-25 14:12:07,38.22,37.87,999.05
2025-05-25 14:12:12,38.17,37.6,998.98
2025-05-25 14:12:17,38.04,37.73,998.98
2025-05-25 14:12:22,38.15,38.6,999.04
2025-05-25 14:12:27,38.13,37.78,999.02
2025-05-25 14:12:32,38.1,37.92,999.02
2025-05-25 14:12:37,38.24,37.93,998.99
2025-05-25 14:12:42,38.11,37.76,999.02
2025-05-25 14:12:47,38.2,37.62,999.02
2025-05-25 14:12:52,38.2,37.76,999.02
2025-05-25 14:12:57,38.2,38.66,999.02
2025-05-25 14:13:02,38.24,37.78,999.03
2025-05-25 14:13:07,38.26,37.69,999.02
2025-05-25 14:13:12,38.31,38.48,998.98
2025-05-25 14:13:17,38.24,37.79,999.03
2025-05-25 14:13:22,38.42,37.76,999.03
2025-05-25 14:13:27,38.38,37.71,999.0
2025-05-25 14:13:32,38.42,37.72,999.03
2025-05-25 14:13:37,38.31,37.83,999.06
2025-05-25 14:13:42,38.36,37.79,998.98
2025-05-25 14:13:47,38.36,37.6,999.03
2025-05-25 14:13:52,38.4,37.32,999.01
2025-05-25 14:13:57,38.36,37.98,999.03
2025-05-25 14:14:02,38.38,37.61,999.05
2025-05-25 14:14:07,38.54,37.63,999.01
2025-05-25 14:14:12,38.33,37.66,999.01
2025-05-25 14:14:17,38.43,38.2,999.04
2025-05-25 14:14:22,38.4,37.21,999.04
2025-05-25 14:14:27,38.4,37.55,999.0
2025-05-25 14:14:32,38.4,37.54,999.02
2025-05-25 14:14:37,38.43,37.73,998.98
2025-05-25 14:14:42,38.35,37.57,998.99
2025-05-25 14:14:47,38.38,37.54,999.02
2025-05-25 14:14:52,38.36,37.83,999.0
2025-05-25 14:14:57,38.31,37.75,999.02
2025-05-25 14:15:02,38.49,37.63,999.05
2025-05-25 14:15:07,38.43,37.56,999.02
2025-05-25 14:15:12,38.42,37.4,999.0
2025-05-25 14:15:17,38.54,37.52,999.02
2025-05-25 14:15:22,38.36,37.97,999.03
2025-05-25 14:15:27,38.36,38.68,999.03
2025-05-25 14:15:32,38.43,37.39,999.08
2025-05-25 14:15:37,38.42,37.6,999.03
2025-05-25 14:15:42,38.47,37.45,999.04
2025-05-25 14:15:47,38.58,37.92,999.02
2025-05-25 14:15:52,38.58,36.71,999.01
2025-05-25 14:15:57,38.5,37.49,999.04
2025-05-25 14:16:02,38.47,37.56,998.99
2025-05-25 14:16:07,38.54,36.64,999.03
2025-05-25 14:16:12,38.4,37.37,999.02
2025-05-25 14:16:17,38.54,37.62,998.99
2025-05-25 14:16:22,38.54,37.72,998.99
2025-05-25 14:16:27,38.49,37.4,998.99
2025-05-25 14:16:32,38.4,37.29,999.0
2025-05-25 14:16:37,38.42,37.94,998.98
2025-05-25 14:16:42,38.61,37.37,999.0
2025-05-25 14:16:47,38.52,37.6,998.99
2025-05-25 14:16:52,38.72,37.33,998.97
2025-05-25 14:16:57,38.47,37.31,999.01
2025-05-25 14:17:02,38.52,37.2,998.98
2025-05-25 14:17:07,38.5,36.22,999.03
2025-05-25 14:17:12,38.54,37.38,999.03
2025-05-25 14:17:17,38.54,37.08,999.03
2025-05-25 14:17:22,38.56,37.2,999.03
2025-05-25 14:17:27,38.54,37.31,999.01
2025-05-25 14:17:32,38.47,37.02,999.01
2025-05-25 14:17:37,38.49,36.91,999.01
2025-05-25 14:17:42,38.56,36.97,999.01
2025-05-25 14:17:47,38.58,37.17,999.02
2025-05-25 14:17:52,38.59,37.36,998.96
2025-05-25 14:17:57,38.56,37.35,999.02
2025-05-25 14:18:02,38.56,37.23,999.01
2025-05-25 14:18:07,38.58,37.33,998.99
2025-05-25 14:18:12,38.66,37.36,998.99
2025-05-25 14:18:17,38.66,37.42,999.02
2025-05-25 14:18:22,38.72,37.97,999.0
2025-05-25 14:18:27,38.63,37.05,998.99
2025-05-25 14:18:32,38.56,36.86,999.01
2025-05-25 14:18:38,38.68,37.25,999.01
2025-05-25 14:18:43,38.61,36.94,998.99
2025-05-25 14:18:48,38.63,36.99,999.04
2025-05-25 14:18:53,38.7,37.06,999.02
2025-05-25 14:18:58,38.73,36.98,999.0
2025-05-25 14:19:03,38.59,36.81,999.0
2025-05-25 14:19:08,38.63,37.2,999.01
2025-05-25 14:19:13,38.68,37.78,999.06
2025-05-25 14:19:18,38.63,36.88,999.05
2025-05-25 14:19:23,38.61,37.13,998.99
2025-05-25 14:19:28,38.68,37.15,998.99
2025-05-25 14:19:33,38.7,37.22,999.04
2025-05-25 14:19:38,38.7,36.74,999.05
2025-05-25 14:19:43,38.77,37.39,999.03
2025-05-25 14:19:48,38.58,36.97,999.03
2025-05-25 14:19:53,38.68,37.04,999.04
2025-05-25 14:19:58,38.68,37.17,999.0
2025-05-25 14:20:03,38.7,37.09,999.01
2025-05-25 14:20:08,38.63,37.27,999.04
2025-05-25 14:20:13,38.72,36.96,999.07
2025-05-25 14:20:18,38.68,37.07,999.08
2025-05-25 14:20:23,38.7,36.78,999.01
2025-05-25 14:20:28,38.59,37.05,999.01
2025-05-25 14:20:33,38.56,36.36,999.06
2025-05-25 14:20:38,38.68,37.32,999.05
2025-05-25 14:20:43,38.61,37.28,999.04
2025-05-25 14:20:48,38.52,37.06,999.05
2025-05-25 14:20:53,38.58,37.04,999.0
2025-05-25 14:20:58,38.68,36.87,999.03
2025-05-25 14:21:03,38.72,36.71,999.07
2025-05-25 14:21:08,38.68,37.39,999.04
2025-05-25 14:21:13,38.65,37.25,999.04
2025-05-25 14:21:18,38.72,37.1,999.07
2025-05-25 14:21:23,38.77,36.98,999.02
2025-05-25 14:21:28,38.61,36.86,999.01
2025-05-25 14:21:33,38.75,37.15,999.03
2025-05-25 14:21:38,38.7,37.88,999.02
2025-05-25 14:21:43,38.73,36.84,999.05
2025-05-25 14:21:48,38.7,36.94,999.06
2025-05-25 14:21:53,38.66,36.43,998.99
2025-05-25 14:21:58,38.72,36.79,999.08
2025-05-25 14:22:03,38.72,37.12,999.04
2025-05-25 14:22:08,38.73,37.02,999.05
2025-05-25 14:22:13,38.66,36.86,999.06
2025-05-25 14:22:18,38.7,36.7,999.04
2025-05-25 14:22:23,38.73,36.88,999.08
2025-05-25 14:22:28,38.86,37.62,999.03
2025-05-25 14:22:33,38.79,36.64,999.04
2025-05-25 15:29:57,39.44,35.96,999.16
2025-05-25 15:30:02,39.46,36.1,999.14
2025-05-25 15:30:07,39.34,37.1,999.16
2025-05-25 15:30:12,39.39,36.24,999.16
2025-05-25 15:30:17,39.36,36.19,999.12
2025-05-25 15:30:22,39.44,36.32,999.12
2025-05-25 15:30:27,39.41,36.16,999.12
2025-05-25 15:30:32,39.46,35.91,999.12
2025-05-25 15:30:37,39.37,35.81,999.11
2025-05-25 15:30:42,39.41,35.87,999.1
2025-05-25 15:30:47,39.32,35.95,999.1
2025-05-25 15:30:52,39.3,35.71,999.11
2025-05-25 15:30:57,39.37,35.8,999.11
2025-05-25 15:31:02,39.23,35.93,999.08
2025-05-25 15:31:07,39.3,35.93,999.13
2025-05-25 15:31:12,39.34,35.77,999.09
2025-05-25 15:31:17,39.43,35.58,999.06
2025-05-25 15:31:22,39.5,36.0,999.05
2025-05-25 15:31:27,39.48,35.77,999.04
2025-05-25 15:31:32,39.41,35.76,999.08
2025-05-25 15:31:37,39.53,35.1,999.03
2025-05-25 15:31:42,39.44,35.74,999.06
2025-05-25 15:31:47,39.39,35.74,999.03
2025-05-25 15:31:52,39.5,35.13,999.07
2025-05-25 15:31:57,39.36,36.39,999.08
2025-05-25 15:32:02,39.37,35.75,999.06
2025-05-25 15:32:07,39.5,35.6,999.05
2025-05-25 15:32:12,39.59,36.29,998.99
2025-05-25 15:32:17,39.57,35.82,999.05
2025-05-25 15:32:22,39.51,35.55,999.05
2025-05-25 15:32:27,39.53,35.62,999.05
2025-05-25 15:32:32,39.53,35.61,999.01
2025-05-25 15:32:37,39.5,35.7,999.04
2025-05-25 15:32:42,39.34,35.92,999.07
2025-05-25 15:32:47,39.43,35.66,999.12
2025-05-25 15:32:52,39.37,37.58,999.08
2025-05-25 15:32:57,39.41,35.63,999.09
2025-05-25 15:33:02,39.34,35.7,999.08
2025-05-25 15:33:07,39.46,35.91,999.07
2025-05-25 15:33:12,39.5,35.56,999.04
2025-05-25 15:33:17,39.48,35.67,999.01
2025-05-25 15:33:22,39.55,35.65,999.03
2025-05-25 15:33:27,39.37,35.61,999.03
2025-05-25 15:33:32,39.43,35.68,999.07
2025-05-25 15:33:37,39.39,36.07,999.03
2025-05-25 15:33:42,39.46,35.64,999.02
2025-05-25 15:33:47,39.41,35.68,999.01
2025-05-25 15:33:52,39.51,35.55,998.99
2025-05-25 15:33:57,39.62,35.69,998.97
2025-05-25 15:34:02,39.51,35.79,999.01
2025-05-25 15:34:07,39.64,35.69,998.96
2025-05-25 15:34:12,39.51,35.83,998.95
2025-05-25 15:34:17,39.57,35.77,998.93
2025-05-25 15:34:22,39.69,35.78,998.91
2025-05-25 15:34:27,39.59,35.8,998.94
2025-05-25 15:34:32,39.62,35.87,998.92
2025-05-25 15:34:37,39.66,35.7,998.91
2025-05-25 15:34:42,39.62,35.37,998.9
2025-05-25 15:34:47,39.5,35.65,998.98
2025-05-25 15:34:52,39.6,35.29,998.96
2025-05-25 15:34:57,39.67,35.86,998.95
2025-05-25 15:35:02,39.67,35.53,998.92
2025-05-25 15:35:07,39.71,35.72,998.9
2025-05-25 15:35:12,39.8,35.56,998.91
2025-05-25 15:35:17,39.76,35.34,998.89
2025-05-25 15:35:22,39.73,35.72,998.92
2025-05-25 15:35:27,39.67,34.63,998.91
2025-05-25 15:35:32,39.6,35.67,998.92
2025-05-25 15:35:37,39.59,35.44,998.93
2025-05-25 15:35:42,39.66,35.74,998.91
2025-05-25 15:35:47,39.73,34.03,998.89
2025-05-25 15:35:52,39.74,35.42,998.88
2025-05-25 15:35:57,39.69,34.86,998.91
2025-05-25 15:36:02,39.82,35.78,998.87
2025-05-25 15:36:07,39.76,35.52,998.88
2025-05-25 15:36:12,39.76,35.45,998.89
2025-05-25 15:36:17,39.74,35.69,998.89
2025-05-25 15:36:22,39.78,35.68,998.9
2025-05-25 15:36:27,39.78,35.43,998.91
2025-05-25 15:36:32,39.78,35.57,998.9
2025-05-25 15:36:37,39.64,35.3,998.86
2025-05-25 15:36:42,39.78,35.71,998.86
2025-05-25 15:36:47,39.71,35.25,998.87
2025-05-25 15:36:52,39.94,35.73,998.88
2025-05-25 15:36:57,39.74,35.34,998.89
2025-05-25 15:37:02,39.83,35.53,998.89
2025-05-25 15:37:07,39.76,35.56,998.9
2025-05-25 15:37:12,39.6,35.35,998.89
2025-05-25 15:37:17,39.48,35.78,998.96
2025-05-25 15:37:22,39.6,36.03,998.91
2025-05-25 15:37:27,39.64,35.96,998.92
2025-05-25 15:37:32,39.64,35.84,998.91
2025-05-25 15:37:37,39.66,35.96,998.89
2025-05-25 15:37:42,39.87,35.65,998.88
2025-05-25 15:37:47,39.67,35.57,998.89
2025-05-25 15:37:52,39.82,35.83,998.88
2025-05-25 15:37:57,39.71,35.69,998.92
2025-05-25 15:38:02,39.67,35.89,998.89
2025-05-25 15:38:07,39.64,34.47,998.91
2025-05-25 15:38:12,39.74,35.62,998.92
2025-05-25 15:38:17,39.74,35.67,998.91
2025-05-25 15:38:22,39.89,35.39,998.87
2025-05-25 15:38:27,39.73,35.74,998.89
2025-05-25 15:38:32,39.67,35.37,998.91
2025-05-25 15:38:37,39.83,35.34,998.91
2025-05-25 15:38:42,39.8,38.54,998.91
2025-05-25 15:38:47,39.83,35.5,998.89
2025-05-25 15:38:52,39.67,35.21,998.92
2025-05-25 15:38:57,39.82,35.35,998.86
2025-05-25 15:39:02,39.69,35.58,998.91
2025-05-25 15:39:07,39.66,35.33,998.93
2025-05-25 15:39:12,39.69,35.49,998.92
2025-05-25 15:39:17,39.59,35.11,998.92
2025-05-25 15:39:22,39.69,35.88,998.89
2025-05-25 15:39:27,39.73,35.62,998.92
2025-05-25 15:39:32,39.5,35.45,998.93
2025-05-25 15:39:37,39.53,35.72,998.97
2025-05-25 15:39:43,39.57,35.37,998.99
2025-05-25 15:39:48,39.67,35.69,998.97
2025-05-25 15:39:53,39.71,35.71,998.93
2025-05-25 15:39:58,39.66,35.8,998.95
2025-05-25 15:40:03,39.62,35.53,998.95
2025-05-25 15:40:08,39.53,35.55,998.95
2025-05-25 15:40:13,39.62,35.55,998.93
2025-05-25 15:40:18,39.78,35.22,998.93
2025-05-25 15:40:23,39.71,35.78,998.9
2025-05-25 15:40:28,39.6,35.58,998.92
2025-05-25 15:40:33,39.59,35.54,998.92
2025-05-25 15:40:38,39.62,36.73,998.93
2025-05-25 15:40:43,39.57,34.99,998.93
2025-05-25 15:40:48,39.62,35.77,998.94
2025-05-25 15:40:53,39.64,35.6,998.9
2025-05-25 15:40:58,39.67,34.84,998.92
2025-05-25 15:41:03,39.67,35.11,998.92
2025-05-25 15:41:08,39.66,35.57,998.95
2025-05-25 15:41:13,39.59,35.53,998.93
2025-05-25 15:41:18,39.67,35.89,998.95
2025-05-25 15:41:23,39.64,35.54,998.94
2025-05-25 15:41:28,39.73,35.53,998.93
2025-05-25 15:41:33,39.8,35.58,998.93
2025-05-25 15:41:38,39.67,35.56,998.93
2025-05-25 15:41:43,39.64,35.57,998.92
2025-05-25 15:41:48,39.8,35.41,998.95
2025-05-25 15:41:53,39.78,35.04,998.93
2025-05-25 15:41:58,39.83,36.32,998.95
2025-05-25 15:42:03,39.87,35.43,998.94
2025-05-25 15:42:08,39.69,35.41,998.91
2025-05-25 15:42:13,39.71,36.12,998.95
2025-05-25 15:42:18,39.71,35.09,998.94
2025-05-25 15:42:23,39.67,35.32,998.94
2025-05-25 15:42:28,39.69,35.27,998.93
2025-05-25 15:42:33,39.67,34.86,998.94
2025-05-25 15:42:38,39.62,34.86,998.95
2025-05-25 15:42:43,39.55,35.47,998.97
2025-05-25 15:42:48,39.57,35.38,998.97
2025-05-25 15:42:53,39.73,36.65,998.99
2025-05-25 15:42:58,39.66,35.88,999.0
2025-05-25 15:43:03,39.67,35.36,998.96
2025-05-25 15:43:08,39.57,35.16,998.97
2025-05-25 15:43:13,39.64,35.59,998.99
2025-05-25 15:43:18,39.59,35.09,998.99
2025-05-25 15:43:23,39.48,35.41,999.01
2025-05-25 15:43:28,39.64,35.26,998.97
2025-05-25 15:43:33,39.73,35.59,998.98
2025-05-25 15:43:38,39.71,35.55,998.96
2025-05-25 15:43:43,39.78,35.56,998.92
2025-05-25 15:43:48,39.59,35.4,998.93
2025-05-25 15:43:53,39.74,35.65,998.92
2025-05-25 15:43:58,39.5,35.27,998.98
2025-05-25 15:44:03,39.67,35.36,998.98
2025-05-25 15:44:08,39.59,35.24,998.99
2025-05-25 15:44:13,39.51,35.54,999.01
2025-05-25 15:44:18,39.57,35.36,999.01
2025-05-25 15:44:23,39.55,34.71,999.05
2025-05-25 15:44:28,39.5,35.34,999.04
2025-05-25 15:44:33,39.5,35.55,999.04
2025-05-25 15:44:38,39.34,35.53,999.09
2025-05-25 15:44:43,39.39,35.41,999.1
2025-05-25 15:44:48,39.55,35.59,999.04
2025-05-25 15:44:53,39.57,35.54,999.01
2025-05-25 15:44:58,39.6,35.76,999.03
2025-05-25 15:45:03,39.55,35.35,998.96
2025-05-25 15:45:08,39.53,35.65,999.0
2025-05-25 15:45:13,39.37,33.9,999.01
2025-05-25 15:45:18,39.46,35.57,999.02
2025-05-25 15:45:23,39.53,38.01,999.0
2025-05-25 15:45:28,39.55,35.73,999.03
2025-05-25 15:45:33,39.59,32.62,998.99
2025-05-25 15:45:38,39.59,35.59,998.97
2025-05-25 15:45:43,39.69,35.75,998.96
2025-05-25 15:45:48,39.6,35.37,998.98
2025-05-25 15:45:53,39.6,35.36,999.02
2025-05-25 15:45:58,39.62,35.38,999.03
2025-05-25 15:46:03,39.71,35.52,998.99
2025-05-25 15:46:08,39.71,35.22,998.97
2025-05-25 15:46:13,39.69,35.58,998.97
2025-05-25 15:46:18,39.76,35.61,998.96
2025-05-25 15:46:23,39.69,35.31,998.98
2025-05-25 15:46:28,39.62,35.73,998.97
2025-05-25 15:46:33,39.71,35.26,998.96
2025-05-25 15:46:38,39.59,35.36,998.97
2025-05-25 15:46:43,39.62,35.5,998.98
2025-05-25 15:46:48,39.71,35.24,998.98
2025-05-25 15:46:53,39.67,35.55,999.0
2025-05-25 15:46:58,39.64,35.6,998.99
2025-05-25 15:47:03,39.59,35.19,998.97
2025-05-25 15:47:08,39.55,35.63,998.99
2025-05-25 15:47:13,39.64,35.14,998.98
2025-05-25 15:47:18,39.57,35.45,999.02
2025-05-25 15:47:23,39.5,35.54,999.01
2025-05-25 15:47:28,39.69,35.52,998.99
2025-05-25 15:47:33,39.69,35.35,998.94
2025-05-25 15:47:38,39.66,35.3,998.94
2025-05-25 15:47:43,39.5,35.29,999.0
2025-05-25 15:47:48,39.59,35.62,998.99
2025-05-25 15:47:53,39.69,35.34,998.95
2025-05-25 15:47:58,39.66,35.28,998.97
2025-05-25 15:48:03,39.78,35.32,998.97
2025-05-25 15:48:08,39.82,35.07,998.97
2025-05-25 15:48:13,39.74,35.45,999.0
2025-05-25 15:48:18,39.64,35.13,999.0
2025-05-25 15:48:23,39.69,35.37,998.99
2025-05-25 15:48:28,39.67,35.29,998.96
2025-05-25 15:48:33,39.74,35.14,998.98
2025-05-25 15:48:38,39.57,35.21,999.05
2025-05-25 15:48:43,39.69,35.24,998.99
2025-05-25 15:48:48,39.64,35.51,998.95
2025-05-25 15:48:53,39.53,35.74,999.03
2025-05-25 15:48:58,39.66,35.68,999.01
2025-05-25 15:49:03,39.69,35.2,998.99
2025-05-25 15:49:08,39.53,35.26,999.01
2025-05-25 15:49:13,39.51,34.2,999.04
2025-05-25 15:49:18,39.6,35.6,999.1
2025-05-25 15:49:23,39.55,35.55,998.99
2025-05-25 15:49:28,39.44,35.5,999.06
2025-05-25 15:49:33,39.44,34.6,999.1
2025-05-25 15:49:38,39.5,34.39,999.04
2025-05-25 15:49:43,39.59,35.43,999.01
2025-05-25 15:49:48,39.51,35.54,999.04
2025-05-25 15:49:53,39.55,35.45,999.0
2025-05-25 15:49:58,39.6,35.69,999.01
2025-05-25 15:50:03,39.59,35.52,999.0
2025-05-25 15:50:08,39.53,35.68,999.07
2025-05-25 15:50:13,39.44,34.16,999.11
2025-05-25 15:50:18,39.36,35.88,999.09
2025-05-25 15:50:23,39.43,35.43,999.1
2025-05-25 15:50:28,39.41,35.31,999.12
2025-05-25 15:50:33,39.3,36.28,999.1
2025-05-25 15:50:38,39.39,35.43,999.09
2025-05-25 15:50:43,39.48,35.63,999.07
2025-05-25 15:50:48,39.48,35.46,999.1
2025-05-25 15:50:53,39.53,34.82,999.01
2025-05-25 15:50:59,39.55,35.39,999.04
2025-05-25 15:51:04,39.53,33.78,999.1
2025-05-25 15:51:09,39.28,35.44,999.14
2025-05-25 15:51:14,39.3,35.36,999.16
2025-05-25 15:51:19,39.44,35.83,999.15
2025-05-25 15:51:24,39.41,35.45,999.11
2025-05-25 15:51:29,39.44,35.5,999.11
2025-05-25 15:51:34,39.46,35.64,999.07
2025-05-25 15:51:39,39.34,36.39,999.09
2025-05-25 15:51:44,39.44,34.28,999.1
2025-05-25 15:51:49,39.5,35.57,999.11
2025-05-25 15:51:54,39.46,35.43,999.07
2025-05-25 15:51:59,39.43,36.42,999.07
2025-05-25 15:52:04,39.23,36.26,999.1
2025-05-25 15:52:09,39.36,35.34,999.08
2025-05-25 15:52:14,39.55,35.39,999.04
2025-05-25 15:52:19,39.44,35.79,999.05
2025-05-25 15:52:24,39.67,36.54,999.04
2025-05-25 15:52:29,39.66,35.7,999.02
2025-05-25 15:52:34,39.46,35.61,999.05
2025-05-25 15:52:39,39.43,35.23,999.12
2025-05-25 15:52:44,39.57,36.18,999.0
2025-05-25 15:52:49,39.44,35.33,999.09
2025-05-25 15:52:54,39.51,35.39,999.07
2025-05-25 15:52:59,39.57,35.15,999.05
2025-05-25 15:53:04,39.44,35.75,999.06
2025-05-25 15:53:09,39.48,35.46,999.05
2025-05-25 15:53:14,39.5,35.64,999.07
2025-05-25 15:53:19,39.51,35.41,999.0
2025-05-25 15:53:24,39.44,35.85,999.03
2025-05-25 15:53:29,39.48,35.37,999.07
2025-05-25 15:53:34,39.51,35.2,999.1
2025-05-25 15:53:39,39.53,35.54,999.05
2025-05-25 15:53:44,39.57,35.35,999.02
2025-05-25 15:53:49,39.44,35.48,999.06
2025-05-25 15:53:54,39.3,35.66,999.12
2025-05-25 15:53:59,39.43,35.48,999.09
2025-05-25 15:54:04,39.44,36.47,999.08
2025-05-25 15:54:09,39.43,35.68,999.07
2025-05-25 15:54:14,39.6,35.41,999.05
2025-05-25 15:54:19,39.48,35.6,999.05
2025-05-25 15:54:24,39.6,35.65,999.01
2025-05-25 15:54:29,39.55,35.29,999.01
2025-05-25 15:54:34,39.59,35.55,999.01
2025-05-25 15:54:39,39.55,35.43,999.04
2025-05-25 15:54:44,39.43,35.48,999.02
2025-05-25 15:54:49,39.48,35.25,999.02
2025-05-25 15:54:54,39.51,35.42,999.02
2025-05-25 15:54:59,39.51,35.29,999.03
2025-05-25 15:55:04,39.55,35.23,998.98
2025-05-25 15:55:09,39.48,35.41,999.04
2025-05-25 15:55:14,39.6,35.63,999.01
2025-05-25 15:55:19,39.59,35.19,999.02
2025-05-25 15:55:24,39.53,35.3,999.0
2025-05-25 15:55:29,39.44,34.91,999.03
2025-05-25 15:55:34,39.66,35.28,999.01
2025-05-25 15:55:39,39.41,35.35,999.07
2025-05-25 15:55:44,39.6,35.47,999.01
2025-05-25 15:55:49,39.51,35.28,999.01
2025-05-25 15:55:54,39.5,35.39,998.99
2025-05-25 15:55:59,39.5,35.04,999.01
2025-05-25 15:56:04,39.51,35.31,999.03
2025-05-25 15:56:09,39.51,35.26,999.02
2025-05-25 15:56:14,39.43,35.17,999.07
2025-05-25 15:56:19,39.43,35.59,999.04
2025-05-25 15:56:24,39.48,35.3,999.01
2025-05-25 15:56:29,39.51,35.51,999.01
2025-05-25 15:56:34,39.5,35.26,999.02
2025-05-25 15:56:39,39.51,35.41,999.03
2025-05-25 15:56:44,39.53,35.14,998.99
2025-05-25 15:56:49,39.48,35.48,999.02
2025-05-25 15:56:54,39.6,35.36,999.04
2025-05-25 15:56:59,39.57,35.33,999.06
2025-05-25 15:57:04,39.55,35.36,999.01
2025-05-25 15:57:09,39.41,35.64,999.06
2025-05-25 15:57:14,39.57,35.43,999.01
2025-05-25 15:57:19,39.48,35.22,998.97
2025-05-25 15:57:24,39.53,34.31,999.05
2025-05-25 15:57:29,39.5,35.46,998.99
2025-05-25 15:57:34,39.51,36.17,999.09
2025-05-25 15:57:39,39.41,35.64,999.12
2025-05-25 15:57:44,39.37,35.36,999.09
2025-05-25 15:57:49,39.43,36.32,999.1
2025-05-25 15:57:54,39.43,36.06,999.1
2025-05-25 15:57:59,39.5,35.37,999.11
2025-05-25 15:58:04,39.57,35.32,999.04
2025-05-25 15:58:09,39.48,34.42,999.07
2025-05-25 15:58:14,39.41,35.06,999.11
2025-05-25 15:58:19,39.39,35.37,999.07
2025-05-25 15:58:24,39.41,35.32,999.13
2025-05-25 15:58:29,39.37,35.0,999.11
2025-05-25 15:58:34,39.55,35.64,999.11
2025-05-25 15:58:39,39.51,35.51,999.03
2025-05-25 15:58:44,39.51,35.47,999.11
2025-05-25 15:58:49,39.51,35.38,999.09
2025-05-25 15:58:54,39.53,35.21,999.05
2025-05-25 15:58:59,39.48,35.33,999.06
2025-05-25 15:59:04,39.46,35.34,999.05
2025-05-25 15:59:09,39.6,35.13,999.04
2025-05-25 15:59:14,39.5,35.45,999.06
2025-05-25 15:59:19,39.48,35.25,999.12
2025-05-25 15:59:24,39.46,35.36,999.11
2025-05-25 15:59:29,39.44,35.2,999.13
2025-05-25 15:59:34,39.32,35.59,999.16
2025-05-25 15:59:39,39.41,35.23,999.16
2025-05-25 15:59:44,39.44,35.31,999.17
2025-05-25 15:59:49,39.37,34.98,999.11
2025-05-25 15:59:54,39.37,35.25,999.07
2025-05-25 15:59:59,39.39,35.63,999.16
2025-05-25 16:00:04,39.43,35.15,999.09
2025-05-25 16:00:09,39.5,35.65,999.04
2025-05-25 16:00:14,39.46,35.42,999.02
2025-05-25 16:00:19,39.44,35.57,999.05
2025-05-25 16:00:24,39.51,35.38,999.1
2025-05-25 16:00:29,39.34,35.27,999.12
2025-05-25 16:00:34,39.46,35.11,999.11
2025-05-25 16:00:39,39.51,35.86,999.09
2025-05-25 16:00:44,39.43,35.79,999.07
2025-05-25 16:00:49,39.51,34.99,999.05
2025-05-25 16:00:54,39.41,35.73,999.08
2025-05-25 16:00:59,39.41,35.37,999.11
2025-05-25 16:01:04,39.43,35.39,999.04
2025-05-25 16:01:09,39.41,35.49,999.08
2025-05-25 16:01:14,39.44,35.29,999.06
2025-05-25 16:01:19,39.44,35.42,999.15
2025-05-25 16:01:24,39.43,35.38,999.09
2025-05-25 16:01:29,39.32,35.54,999.12
2025-05-25 16:01:34,39.57,35.52,999.09
2025-05-25 16:01:39,39.44,35.16,999.11
2025-05-25 16:01:44,39.41,35.37,999.01
2025-05-25 16:01:49,39.46,35.32,999.09
2025-05-25 16:01:54,39.41,35.53,999.14
2025-05-25 16:01:59,39.43,35.36,999.16
2025-05-25 16:02:04,39.34,35.53,999.16
2025-05-25 16:02:09,39.39,35.38,999.16
2025-05-25 16:02:14,39.36,35.88,999.11
2025-05-25 16:02:20,39.44,35.12,999.14
2025-05-25 16:02:25,39.34,35.58,999.13
2025-05-25 16:02:30,39.28,35.55,999.18
2025-05-25 16:02:35,39.5,35.22,999.09
2025-05-25 16:02:40,39.5,35.15,999.05
2025-05-25 16:02:45,39.64,35.68,999.02
2025-05-25 16:02:50,39.55,35.44,998.99
2025-05-25 16:02:55,39.5,34.56,999.05
2025-05-25 16:03:00,39.51,34.52,999.02
2025-05-25 16:03:05,39.48,35.5,999.11
2025-05-25 16:03:10,39.51,35.05,999.06
2025-05-25 16:03:15,39.53,35.82,999.06
2025-05-25 16:03:20,39.48,35.04,999.08
2025-05-25 16:03:25,39.62,37.12,999.0
2025-05-25 16:03:30,39.62,35.45,998.98
2025-05-25 16:03:35,39.6,35.28,998.98
2025-05-25 16:03:40,39.51,34.09,999.01
2025-05-25 16:03:45,39.57,34.75,998.96
2025-05-25 16:03:50,39.66,35.27,998.96
2025-05-25 16:03:55,39.57,35.48,999.0
2025-05-25 16:04:00,39.69,36.43,999.03
2025-05-25 16:04:05,39.53,35.66,999.07
2025-05-25 16:04:10,39.5,35.53,999.07
2025-05-25 16:04:15,39.67,35.54,998.98
2025-05-25 16:04:20,39.6,35.65,999.02
2025-05-25 16:04:25,39.6,34.54,999.08
2025-05-25 16:04:30,39.44,35.27,999.1
2025-05-25 16:04:35,39.53,35.26,999.1
2025-05-25 16:04:40,39.39,35.62,999.14
2025-05-25 16:04:45,39.32,36.17,999.11
2025-05-25 16:04:50,39.48,35.63,999.08
2025-05-25 16:04:55,39.41,35.4,999.08
2025-05-25 16:05:00,39.5,35.48,999.09
2025-05-25 16:05:05,39.43,35.39,999.04
2025-05-25 16:05:10,39.53,35.15,999.08
2025-05-25 16:05:15,39.57,35.52,999.07
2025-05-25 16:05:20,39.55,35.11,999.03
2025-05-25 16:05:25,39.41,35.04,999.04
2025-05-25 16:05:30,39.5,35.4,999.08
2025-05-25 16:05:35,39.57,35.13,999.03
2025-05-25 16:05:40,39.59,35.4,999.08
2025-05-25 16:05:45,39.67,35.02,999.04
2025-05-25 16:05:50,39.44,35.29,999.04
2025-05-25 16:05:55,39.5,35.46,999.02
2025-05-25 16:06:00,39.59,35.45,999.05
2025-05-25 16:06:05,39.5,35.64,999.02
2025-05-25 16:06:10,39.57,35.17,999.01
2025-05-25 16:06:15,39.5,35.32,999.04
2025-05-25 16:06:20,39.51,33.82,999.06
2025-05-25 16:06:25,39.55,35.3,999.06
2025-05-25 16:06:30,39.51,36.31,999.07
2025-05-25 16:06:35,39.55,35.5,999.1
2025-05-25 16:06:40,39.51,35.41,999.08
2025-05-25 16:06:45,39.53,36.25,999.05
2025-05-25 16:06:50,39.57,36.54,999.11
2025-05-25 16:06:55,39.48,35.37,999.1
2025-05-25 16:07:00,39.62,35.35,999.08
2025-05-25 16:07:05,39.59,35.61,999.08
2025-05-25 16:07:10,39.57,35.62,999.05
2025-05-25 16:07:15,39.59,35.53,999.04
2025-05-25 16:07:20,39.55,35.43,999.02
2025-05-25 16:07:25,39.62,35.59,999.03
2025-05-25 16:07:30,39.51,35.39,999.04
2025-05-25 16:07:35,39.57,35.6,999.06
2025-05-25 16:07:40,39.44,35.69,999.1
2025-05-25 16:07:45,39.67,35.43,999.07
2025-05-25 16:07:50,39.64,35.41,999.1
2025-05-25 16:07:55,39.62,35.64,999.09
2025-05-25 16:08:00,39.51,35.39,999.09
2025-05-25 16:08:05,39.66,35.75,999.06
2025-05-25 16:08:10,39.64,35.62,998.98
2025-05-25 16:08:15,39.57,35.45,999.06
2025-05-25 16:08:20,39.69,35.54,998.99
2025-05-25 16:08:25,39.71,35.53,999.01
2025-05-25 16:08:30,39.67,35.38,999.02
2025-05-25 16:08:35,39.66,34.13,999.03
2025-05-25 16:08:40,39.71,35.05,999.02
2025-05-25 16:08:45,39.59,35.63,999.03
2025-05-25 16:08:50,39.62,34.96,999.05
2025-05-25 16:08:55,39.67,35.34,999.09
2025-05-25 16:09:00,39.59,34.38,999.09
2025-05-25 16:09:05,39.64,35.1,999.12
2025-05-25 16:09:10,39.59,35.46,999.1
2025-05-25 16:09:15,39.62,35.5,999.07
2025-05-25 16:09:20,39.67,35.69,999.11
2025-05-25 16:09:25,39.55,34.93,999.06
